{"in_process": false, "episode": 5, "max_step": 593, "total_steps": 2965, "mean_steps_in_ep": 593, "reward_history": [2.458796657771629, 1.7608197921303252, 1.479375032088999, 1.6127853718969671, 1.6327101273198459]}