{"in_process": false, "episode": 3, "max_step": 182, "total_steps": 546, "mean_steps_in_ep": 182, "reward_history": [5.9195863816771315, 4.793189349462762, 3.7984103615288096]}